{
  "project_info": {
    "project_number": "446271887278",
    "project_id": "authenticationapp-f0f74",
    "storage_bucket": "authenticationapp-f0f74.appspot.com"
  },
  "client": [
    {
      "client_info": {
        "mobilesdk_app_id": "1:446271887278:android:6095e458ae002ec54dda3f",
        "android_client_info": {
          "package_name": "com.example.authenticationapp"
        }
      },
      "oauth_client": [
        {
          "client_id": "446271887278-ofihbdjuh4e7h4g6u24ea9741f80ffr1.apps.googleusercontent.com",
          "client_type": 3
        }
      ],
      "api_key": [
        {
          "current_key": "AIzaSyCNfVBdbS-yEtXgP7BxAem7uM93J2Wa00g"
        }
      ],
      "services": {
        "appinvite_service": {
          "other_platform_oauth_client": [
            {
              "client_id": "446271887278-ofihbdjuh4e7h4g6u24ea9741f80ffr1.apps.googleusercontent.com",
              "client_type": 3
            }
          ]
        }
      }
    }
  ],
  "configuration_version": "1"
}